{
  "NR-AR": 15.0,
  "NR-AR-LBD": 15.0,
  "NR-AhR": 8.052810668945312,
  "NR-Aromatase": 15.0,
  "NR-ER": 6.903726577758789,
  "NR-ER-LBD": 15.0,
  "NR-PPAR-gamma": 15.0,
  "SR-ARE": 5.829608917236328,
  "SR-ATAD5": 15.0,
  "SR-HSE": 15.0,
  "SR-MMP": 5.706872463226318,
  "SR-p53": 15.0
}