{
  "NR-AR": 0.9733476619838736,
  "NR-AR-LBD": 0.9898117890501611,
  "NR-AhR": 0.9792892077873021
}