{
  "validation": {
    "macro_roc_auc": 0.7275079656755116,
    "macro_pr_auc": 0.37288476958736344,
    "macro_f1": 0.36850365997840306,
    "macro_precision": 0.3374324444959842,
    "macro_recall": 0.41384859033597676,
    "macro_accuracy": 0.8601366768136582,
    "micro_roc_auc": 0.7741516611659418,
    "micro_pr_auc": 0.38538729846328534,
    "micro_f1": 0.38946015424164526,
    "micro_precision": 0.3519163763066202,
    "micro_recall": 0.43597122302158275,
    "micro_accuracy": 0.8649801023308699,
    "task_0_roc_auc": 0.783973148730858,
    "task_0_pr_auc": 0.4747722035457529,
    "task_0_f1": 0.4175824175824176,
    "task_0_precision": 0.3392857142857143,
    "task_0_recall": 0.5428571428571428,
    "task_0_accuracy": 0.9259776536312849,
    "task_1_roc_auc": 0.7829218106995885,
    "task_1_pr_auc": 0.5096968099440742,
    "task_1_f1": 0.5,
    "task_1_precision": 0.4827586206896552,
    "task_1_recall": 0.5185185185185185,
    "task_1_accuracy": 0.9549114331723028,
    "task_2_roc_auc": 0.7960287283481201,
    "task_2_pr_auc": 0.49344328238028146,
    "task_2_f1": 0.44155844155844154,
    "task_2_precision": 0.3617021276595745,
    "task_2_recall": 0.5666666666666667,
    "task_2_accuracy": 0.7905844155844156,
    "task_3_roc_auc": 0.7908461157842652,
    "task_3_pr_auc": 0.4437491842480192,
    "task_3_f1": 0.449438202247191,
    "task_3_precision": 0.43478260869565216,
    "task_3_recall": 0.46511627906976744,
    "task_3_accuracy": 0.9044834307992202,
    "task_4_roc_auc": 0.6222460658082976,
    "task_4_pr_auc": 0.3392446921504168,
    "task_4_f1": 0.33513513513513515,
    "task_4_precision": 0.2818181818181818,
    "task_4_recall": 0.41333333333333333,
    "task_4_accuracy": 0.7726432532347505,
    "task_5_roc_auc": 0.6895359273533604,
    "task_5_pr_auc": 0.3361403903378334,
    "task_5_f1": 0.34210526315789475,
    "task_5_precision": 0.28888888888888886,
    "task_5_recall": 0.41935483870967744,
    "task_5_accuracy": 0.9221183800623053,
    "task_6_roc_auc": 0.7091792965398913,
    "task_6_pr_auc": 0.19636026730135786,
    "task_6_f1": 0.20408163265306123,
    "task_6_precision": 0.21739130434782608,
    "task_6_recall": 0.19230769230769232,
    "task_6_accuracy": 0.9308510638297872,
    "task_7_roc_auc": 0.6852352352352352,
    "task_7_pr_auc": 0.4403826590654345,
    "task_7_f1": 0.4088888888888889,
    "task_7_precision": 0.40350877192982454,
    "task_7_recall": 0.4144144144144144,
    "task_7_accuracy": 0.7176220806794055,
    "task_8_roc_auc": 0.6981973058637085,
    "task_8_pr_auc": 0.1475636934907145,
    "task_8_f1": 0.1927710843373494,
    "task_8_precision": 0.1568627450980392,
    "task_8_recall": 0.25,
    "task_8_accuracy": 0.8989441930618401,
    "task_9_roc_auc": 0.6664265706282514,
    "task_9_pr_auc": 0.2639485724188671,
    "task_9_f1": 0.297029702970297,
    "task_9_precision": 0.28846153846153844,
    "task_9_recall": 0.30612244897959184,
    "task_9_accuracy": 0.8729874776386404,
    "task_10_roc_auc": 0.8131865425348503,
    "task_10_pr_auc": 0.5291513862017164,
    "task_10_f1": 0.5514018691588785,
    "task_10_precision": 0.5221238938053098,
    "task_10_recall": 0.5841584158415841,
    "task_10_accuracy": 0.8091451292246521,
    "task_11_roc_auc": 0.6923188405797102,
    "task_11_pr_auc": 0.30016409396389326,
    "task_11_f1": 0.28205128205128205,
    "task_11_precision": 0.2716049382716049,
    "task_11_recall": 0.29333333333333333,
    "task_11_accuracy": 0.8213716108452951,
    "n_samples": 783,
    "n_valid_labels": 7036
  },
  "test": {
    "macro_roc_auc": 0.705791464715475,
    "macro_pr_auc": 0.35076567430945577,
    "macro_f1": 0.3405087287430785,
    "macro_precision": 0.3162913238606536,
    "macro_recall": 0.37986321496285264,
    "macro_accuracy": 0.8683478146300408,
    "micro_roc_auc": 0.7614687595392253,
    "micro_pr_auc": 0.3557045008816602,
    "micro_f1": 0.37767057201929705,
    "micro_precision": 0.3508322663252241,
    "micro_recall": 0.408955223880597,
    "micro_accuracy": 0.8741112505227938,
    "task_0_roc_auc": 0.6299831402621417,
    "task_0_pr_auc": 0.4399575733203346,
    "task_0_f1": 0.3188405797101449,
    "task_0_precision": 0.2619047619047619,
    "task_0_recall": 0.4074074074074074,
    "task_0_accuracy": 0.9336158192090396,
    "task_1_roc_auc": 0.7999452654625069,
    "task_1_pr_auc": 0.42105343708484955,
    "task_1_f1": 0.36363636363636365,
    "task_1_precision": 0.3076923076923077,
    "task_1_recall": 0.4444444444444444,
    "task_1_accuracy": 0.9553429027113237,
    "task_2_roc_auc": 0.8253517316017316,
    "task_2_pr_auc": 0.5166263921454411,
    "task_2_f1": 0.5454545454545454,
    "task_2_precision": 0.46511627906976744,
    "task_2_recall": 0.6593406593406593,
    "task_2_accuracy": 0.8384491114701131,
    "task_3_roc_auc": 0.6346945028011204,
    "task_3_pr_auc": 0.26720351639512285,
    "task_3_f1": 0.26506024096385544,
    "task_3_precision": 0.3142857142857143,
    "task_3_recall": 0.22916666666666666,
    "task_3_accuracy": 0.8835877862595419,
    "task_4_roc_auc": 0.6729342046964998,
    "task_4_pr_auc": 0.3690503473919874,
    "task_4_f1": 0.37209302325581395,
    "task_4_precision": 0.32653061224489793,
    "task_4_recall": 0.43243243243243246,
    "task_4_accuracy": 0.8078291814946619,
    "task_5_roc_auc": 0.7460529439696106,
    "task_5_pr_auc": 0.39824526468128774,
    "task_5_f1": 0.3389830508474576,
    "task_5_precision": 0.30303030303030304,
    "task_5_recall": 0.38461538461538464,
    "task_5_accuracy": 0.9421364985163204,
    "task_6_roc_auc": 0.7487271226090546,
    "task_6_pr_auc": 0.2603603759505426,
    "task_6_f1": 0.2711864406779661,
    "task_6_precision": 0.24242424242424243,
    "task_6_recall": 0.3076923076923077,
    "task_6_accuracy": 0.9264957264957265,
    "task_7_roc_auc": 0.6686858817782121,
    "task_7_pr_auc": 0.41385486242369696,
    "task_7_f1": 0.3684210526315789,
    "task_7_precision": 0.37168141592920356,
    "task_7_recall": 0.3652173913043478,
    "task_7_accuracy": 0.6942675159235668,
    "task_8_roc_auc": 0.6534689619196661,
    "task_8_pr_auc": 0.1707162207346552,
    "task_8_f1": 0.18181818181818182,
    "task_8_precision": 0.13793103448275862,
    "task_8_recall": 0.26666666666666666,
    "task_8_accuracy": 0.8923766816143498,
    "task_9_roc_auc": 0.6099372955288986,
    "task_9_pr_auc": 0.17395418351741243,
    "task_9_f1": 0.2391304347826087,
    "task_9_precision": 0.22,
    "task_9_recall": 0.2619047619047619,
    "task_9_accuracy": 0.8763250883392226,
    "task_10_roc_auc": 0.7634866617942627,
    "task_10_pr_auc": 0.4828790709242577,
    "task_10_f1": 0.527363184079602,
    "task_10_precision": 0.5463917525773195,
    "task_10_recall": 0.5096153846153846,
    "task_10_accuracy": 0.819047619047619,
    "task_11_roc_auc": 0.7162298641619956,
    "task_11_pr_auc": 0.29528684714388054,
    "task_11_f1": 0.29411764705882354,
    "task_11_precision": 0.29850746268656714,
    "task_11_recall": 0.2898550724637681,
    "task_11_accuracy": 0.8506998444790047,
    "n_samples": 783,
    "n_valid_labels": 7173
  },
  "model_type": "xgboost",
  "fingerprint": {
    "type": "ECFP4",
    "radius": 2,
    "n_bits": 2048
  },
  "threshold": 0.5,
  "tuned_params_used": false,
  "spark_used": true,
  "featurization_time_seconds": 21.950419902801514
}