{
  "NR-AR": {
    "threshold": 0.65,
    "f1": 0.5714285714285714
  },
  "NR-AR-LBD": {
    "threshold": 0.45000000000000007,
    "f1": 0.5333333333333333
  },
  "NR-AhR": {
    "threshold": 0.35,
    "f1": 0.5146198830409356
  },
  "NR-Aromatase": {
    "threshold": 0.35,
    "f1": 0.4050632911392405
  },
  "NR-ER": {
    "threshold": 0.45000000000000007,
    "f1": 0.32
  },
  "NR-ER-LBD": {
    "threshold": 0.5,
    "f1": 0.42857142857142855
  },
  "NR-PPAR-gamma": {
    "threshold": 0.2,
    "f1": 0.2222222222222222
  },
  "SR-ARE": {
    "threshold": 0.2,
    "f1": 0.5576208178438662
  },
  "SR-ATAD5": {
    "threshold": 0.30000000000000004,
    "f1": 0.28125
  },
  "SR-HSE": {
    "threshold": 0.1,
    "f1": 0.37037037037037035
  },
  "SR-MMP": {
    "threshold": 0.15000000000000002,
    "f1": 0.7053571428571429
  },
  "SR-p53": {
    "threshold": 0.25,
    "f1": 0.3795620437956204
  }
}