{
  "NR-AR": {
    "threshold": 0.9,
    "f1": 0.5573770491803278
  },
  "NR-AR-LBD": {
    "threshold": 0.9,
    "f1": 0.5306122448979592
  },
  "NR-AhR": {
    "threshold": 0.65,
    "f1": 0.4732142857142857
  },
  "NR-Aromatase": {
    "threshold": 0.85,
    "f1": 0.3516483516483517
  },
  "NR-ER": {
    "threshold": 0.8,
    "f1": 0.3624161073825503
  },
  "NR-ER-LBD": {
    "threshold": 0.8,
    "f1": 0.3611111111111111
  },
  "NR-PPAR-gamma": {
    "threshold": 0.30000000000000004,
    "f1": 0.24242424242424243
  },
  "SR-ARE": {
    "threshold": 0.7000000000000001,
    "f1": 0.5647058823529412
  },
  "SR-ATAD5": {
    "threshold": 0.9,
    "f1": 0.27586206896551724
  },
  "SR-HSE": {
    "threshold": 0.7000000000000001,
    "f1": 0.40350877192982454
  },
  "SR-MMP": {
    "threshold": 0.55,
    "f1": 0.6748971193415638
  },
  "SR-p53": {
    "threshold": 0.4,
    "f1": 0.38686131386861317
  }
}