{
  "XGBoost": {
    "brier": 0.10252606866439815,
    "prob_true": [
      0.03146374829001368,
      0.05260303687635575,
      0.060816681146828845,
      0.11001410437235543,
      0.16565656565656567,
      0.25483870967741934,
      0.26046511627906976,
      0.3888888888888889,
      0.618421052631579,
      0.7962962962962963
    ],
    "prob_pred": [
      0.056152440419414654,
      0.1452847877820376,
      0.2476293485155321,
      0.3440876975970813,
      0.4449074209940554,
      0.5481817528124778,
      0.6463233382202859,
      0.7474397941241189,
      0.8540030372770209,
      0.9527642208117025
    ]
  },
  "MLP": {
    "brier": 0.1463617708090632,
    "prob_true": [
      0.029643645537685274,
      0.05055487053020962,
      0.06282722513089005,
      0.05027932960893855,
      0.11358574610244988,
      0.16455696202531644,
      0.19488817891373802,
      0.18352059925093633,
      0.2635135135135135,
      0.46537396121883656
    ],
    "prob_pred": [
      0.02504188874663205,
      0.14634531360629455,
      0.24815164126754846,
      0.34802984003692145,
      0.44720441295468727,
      0.5483350527437427,
      0.6498392401411891,
      0.7484736531861266,
      0.851615556994,
      0.9565260018998566
    ]
  },
  "GCN": {
    "brier": 0.15378403513199304,
    "prob_true": [
      0.02603550295857988,
      0.037209302325581395,
      0.037848605577689244,
      0.06907545164718384,
      0.07569721115537849,
      0.12433392539964476,
      0.22580645161290322,
      0.25892857142857145,
      0.35585585585585583,
      0.532258064516129
    ],
    "prob_pred": [
      0.03702260930463865,
      0.15014485596917396,
      0.25070288421148323,
      0.34855786947717576,
      0.4464842380280514,
      0.5490306549131553,
      0.6492542242885523,
      0.7478875888600236,
      0.8449243057418514,
      0.9500521847637751
    ]
  },
  "GAT": {
    "brier": 0.15974889044927312,
    "prob_true": [
      0.022181146025878003,
      0.0380859375,
      0.034170854271356785,
      0.06772908366533864,
      0.07742782152230972,
      0.10358565737051793,
      0.16744186046511628,
      0.2946708463949843,
      0.32857142857142857,
      0.5299145299145299
    ],
    "prob_pred": [
      0.03756329466559709,
      0.14975215814774856,
      0.24973555920112073,
      0.3512930399868118,
      0.44624694630386325,
      0.5478685275017028,
      0.6473522036574607,
      0.7477656494487416,
      0.8466381505131721,
      0.9563339319494035
    ]
  }
}