{
  "best_value": 0.3813814799021338,
  "best_params": {
    "hidden_dim": 183,
    "num_layers": 2,
    "dropout_rate": 0.2865014033209796,
    "learning_rate": 0.0007232833858127905,
    "batch_size": 64,
    "weight_decay": 2.6140713427664e-05,
    "pooling": "mean"
  },
  "model_type": "gnn",
  "n_trials": 10,
  "trial_count": 10,
  "gnn_subtype": "gcn"
}